"total_sim","total_nao","pct_sim","pct_nao"
"188927","1724584","9.873316641503498","90.1266833584965"
